product_title,product_url,product_url_full,product_id,product_txt,product_options,var_current_price,var_old_price,var_discount_percentage,currency,product_rating,txt_reviews,nbr_reviews,listed_date,product_description,Couleur du sac_id,Couleur du sac_label,Couleur du texte_id,Couleur du texte_label,product_variant_url
"Sac cabas en velours c√¥tel√© personnalis√©, sac en velours c√¥tel√© brod√©, cadeau de No√´l, cadeau d&#39;anniversaire, cadeau pour demoiselle",https://www.etsy.com/listing/4390172313/,https://www.etsy.com/listing/4390172313/sac-cabas-en-velours-cotele-personnalise,4390172313,sac-cabas-en-velours-cotele-personnalise,"[{'variation_title': 'Couleur du sac', 'variation_order': 'variation_0', 'options': [{'id': '5938407402', 'label': 'Olive Green'}, {'id': '5926937841', 'label': 'Gream White'}, {'id': '5978180793', 'label': 'Light Blue'}, {'id': '6074902880', 'label': 'Pink'}, {'id': '5926937843', 'label': 'Brown'}, {'id': '5938407426', 'label': 'Dark Blue'}]}, {'variation_title': 'Couleur du texte', 'variation_order': 'variation_1', 'options': [{'id': '5938407406', 'label': 'White (21,73 ‚Ç¨)'}, {'id': '5938407408', 'label': 'Ivory White (21,73 ‚Ç¨)'}, {'id': '5938407410', 'label': 'Light Pink (21,73 ‚Ç¨)'}, {'id': '5938407412', 'label': 'Baby Blue (21,73 ‚Ç¨)'}, {'id': '5938407414', 'label': 'Mint Green (21,73 ‚Ç¨)'}, {'id': '5938407416', 'label': 'Dark Green (21,73 ‚Ç¨)'}, {'id': '5938407418', 'label': 'Rose Red (21,73 ‚Ç¨)'}, {'id': '5926937833', 'label': 'Orange (21,73 ‚Ç¨)'}, {'id': '5926937835', 'label': 'Light Gray (21,73 ‚Ç¨)'}, {'id': '5938407420', 'label': 'Khaki (21,73 ‚Ç¨)'}, {'id': '5938407422', 'label': 'Coffee (21,73 ‚Ç¨)'}, {'id': '5926937837', 'label': 'Black (21,73 ‚Ç¨)'}, {'id': '5926937839', 'label': 'Extra Charge-2 Lines (10,68 ‚Ç¨)'}]}]",21.73,39.51,45,EUR,4.9,Avis sur cet article (63),63,,"Le compagnon id√©al du quotidien : notre sac cabas personnalisable en velours c√¥tel√© ! R√©sistant, √©l√©gant et incroyablement polyvalent, il vous accompagne partout, que ce soit pour faire du shopping ou simplement faire vos courses. Plus qu&#39;un simple sac fourre-tout, c&#39;est aussi un cadeau attentionn√© pour les demoiselles d&#39;honneur, les anniversaires, la f√™te des M√®res, et bien plus encore. Alliant fonctionnalit√© et charme, ce sac cabas personnalis√© laissera un souvenir imp√©rissable √† vos proches !

‚úß Plusieurs couleurs disponibles ‚úß¬†: 5 couleurs de sac et 12 couleurs de fil au choix. Si vous souhaitez une autre couleur de fil, n&#39;h√©sitez pas √† me contacter et je ferai de mon mieux pour trouver la teinte qui vous convient. Vous pouvez √©galement consulter les suggestions de combinaisons de couleurs pr√©sent√©es dans mon annonce¬†!

‚úß Rangement parfait ‚úß
Longueur : 40 cm / 15,7 pouces
Hauteur : 33 cm / 13 pouces
Hauteur de la poign√©e : 30 cm / 11,8 po
Id√©al pour transporter votre iPad, votre parapluie, votre trousse de maquillage et vos essentiels du quotidien. Comprend une poche int√©rieure zipp√©e pour vos objets de valeur.

‚úß Style unique ‚úß : Personnalisez avec un nom ou des initiales ; id√©al pour offrir en cadeau √† de nombreuses occasions ; parfait pour tous ceux qui recherchent un sac fourre-tout mignon et pratique.

‚úß Garantie de satisfaction ‚úß : Des questions ? N&#39;h√©sitez pas √† nous contacter, nous serons ravis de vous aider.

üì¶ Vous achetez en gros¬†? Contactez-moi pour obtenir un code de r√©duction exclusif¬†! üòÑ",5938407402,Olive Green,5938407406,"White (21,73 ‚Ç¨)",https://www.etsy.com/listing/4390172313/?variation0=5938407402&variation1=5938407406
