product_title,product_url,product_id,product_options,var_current_price,var_old_price,var_discount_percentage,currency,product_rating,txt_reviews,nbr_reviews,listed_date,product_description,product_variant_url
"Sac cabas en velours c√¥tel√© personnalis√©, sac en velours c√¥tel√© brod√©, cadeau de No√´l, cadeau d&#39;anniversaire, cadeau pour demoiselle",https://www.etsy.com/listing/4390172313/sac-cabas-en-velours-cotele-personnalise,4390172313,[],0.0,,,EUR,4.9,Avis sur cet article (63),63,,"Le compagnon id√©al du quotidien : notre sac cabas personnalisable en velours c√¥tel√© ! R√©sistant, √©l√©gant et incroyablement polyvalent, il vous accompagne partout, que ce soit pour faire du shopping ou simplement faire vos courses. Plus qu&#39;un simple sac fourre-tout, c&#39;est aussi un cadeau attentionn√© pour les demoiselles d&#39;honneur, les anniversaires, la f√™te des M√®res, et bien plus encore. Alliant fonctionnalit√© et charme, ce sac cabas personnalis√© laissera un souvenir imp√©rissable √† vos proches !

‚úß Plusieurs couleurs disponibles ‚úß¬†: 5 couleurs de sac et 12 couleurs de fil au choix. Si vous souhaitez une autre couleur de fil, n&#39;h√©sitez pas √† me contacter et je ferai de mon mieux pour trouver la teinte qui vous convient. Vous pouvez √©galement consulter les suggestions de combinaisons de couleurs pr√©sent√©es dans mon annonce¬†!

‚úß Rangement parfait ‚úß
Longueur : 40 cm / 15,7 pouces
Hauteur : 33 cm / 13 pouces
Hauteur de la poign√©e : 30 cm / 11,8 po
Id√©al pour transporter votre iPad, votre parapluie, votre trousse de maquillage et vos essentiels du quotidien. Comprend une poche int√©rieure zipp√©e pour vos objets de valeur.

‚úß Style unique ‚úß : Personnalisez avec un nom ou des initiales ; id√©al pour offrir en cadeau √† de nombreuses occasions ; parfait pour tous ceux qui recherchent un sac fourre-tout mignon et pratique.

‚úß Garantie de satisfaction ‚úß : Des questions ? N&#39;h√©sitez pas √† nous contacter, nous serons ravis de vous aider.

üì¶ Vous achetez en gros¬†? Contactez-moi pour obtenir un code de r√©duction exclusif¬†! üòÑ",https://www.etsy.com/listing/4390172313/sac-cabas-en-velours-cotele-personnalise
Sacs fourre-tout √† logo personnalis√©s Sacs d&#39;√©picerie promotionnels r√©utilisables en toile de coton pour √©v√©nements professionnels,https://www.etsy.com/listing/1197900276/sacs-fourre-tout-a-logo-personnalises,1197900276,[],0.0,,,EUR,5.0,Avis sur cet article (274),274,,"Sacs fourre-tout √† logo personnalis√©s - Sacs personnalis√©s r√©utilisables en toile de coton, 8 oz

D√©marquez-vous avec nos sacs fourre-tout √† logo personnalis√©s de 8 oz, fabriqu√©s √† partir de toile de coton durable pour un usage quotidien et les promotions commerciales.
Ces sacs fourre-tout personnalis√©s sont parfaits pour les √©v√©nements d&#39;entreprise, les mariages, les cadeaux publicitaires ou les courses r√©utilisables : ils sont solides, √©l√©gants et respectueux de l&#39;environnement.

D√âTAILS DU SAC CUSTOM
‚Ä¢ L : 14 x 16 pouces (35 x 40 cm)
‚Ä¢ Anse en coton de 70 cm - Sac √† bandouli√®re
‚Ä¢ Mat√©riaux : tissu en coton de 8 oz - 220 g/m¬≤. sacs en coton de haute qualit√©
‚Ä¢ Coutures sp√©cialement renforc√©es.
‚Ä¢ Sacs fourre-tout 100 % coton brut naturel.
‚Ä¢ Hautement durable et r√©utilisable.
‚Ä¢ Respectueux de l&#39;environnement : lavage √† la main uniquement
‚Ä¢ Coton R√âUTILISABLE - IMPRESSION EN COULEUR


POURQUOI VOUS ALLEZ AIMER NOS SACS EN TOILE DE 8 OZ
‚Ä¢ Toile de coton de qualit√© sup√©rieure de 8 oz ‚Äî plus √©paisse que 6 oz, flexible mais solide
‚Ä¢ Impression de logo personnalis√© en qualit√© num√©rique aux couleurs vives
‚Ä¢ D√©lai d&#39;ex√©cution rapide : pr√™t √† √™tre exp√©di√© en 1 √† 3 jours ouvrables
‚Ä¢ Remises group√©es : achetez plus, √©conomisez plus
‚Ä¢ Alternative 100 % r√©utilisable et durable aux sacs en plastique

Ces sacs fourre-tout imprim√©s personnalis√©s offrent un look professionnel et √©pur√© √† toute entreprise ou tout √©v√©nement, et sont les pr√©f√©r√©s des clients soucieux de l&#39;environnement.

COMMENT PERSONNALISER VOS SACS
Envoyez-nous votre logo, votre illustration ou votre texte via la messagerie Etsy apr√®s avoir pass√© votre commande.
Nous vous enverrons une √©preuve num√©rique pour approbation avant l&#39;impression.
La pr√©paration des conceptions textuelles est gratuite et nous utilisons un syst√®me d&#39;impression num√©rique haute r√©solution multicolore pour des r√©sultats de qualit√© sup√©rieure.

PRODUCTION ET EXP√âDITION
‚Ä¢ D√©lai de traitement : 1 √† 3 jours ouvrables
‚Ä¢ Mat√©riau : toile 100 % coton (poids de 8 oz)
‚Ä¢ Impression : impression num√©rique multicolore (simple ou recto-verso)
‚Ä¢ Les petites variations (¬±1 cm) sont normales pour les produits faits main
‚Ä¢ Exp√©dition : livraison rapide dans le monde entier

Remarque : le coton peut l√©g√®rement r√©tr√©cir apr√®s le lavage. Lavage √† la main √† froid uniquement.

OPTIONS DE TAILLES (TOILE DE COTON 8 OZ)
‚Ä¢ 14 x 16 pouces (35 x 40 cm)
‚Ä¢ 40 x 40 cm (16 x 16 po.)
Choisissez le type de manche que vous pr√©f√©rez (court ou long) pour un confort maximal.

ID√âAL POUR
‚Ä¢ Cadeaux d&#39;entreprise et salons professionnels
‚Ä¢ des sacs de bienvenue ou des cadeaux de demoiselle d&#39;honneur
‚Ä¢ des sacs de courses r√©utilisables pour des achats respectueux de l&#39;environnement
‚Ä¢ Emballages professionnels personnalis√©s et projets d&#39;impression DIY

REMARQUES IMPORTANTES
‚Ä¢ Les retours ne sont pas accept√©s pour les produits imprim√©s sur mesure, sauf s&#39;ils sont d√©fectueux.
‚Ä¢ Si vous choisissez ¬´ Non imprim√© ¬ª, vous recevrez un sac fourre-tout uni.
‚Ä¢ Nous traitons les commandes en gros et en gros avec des prix flexibles.

ACHETEZ PLUS, √âCONOMISEZ PLUS
Commandez d√®s aujourd&#39;hui vos sacs fourre-tout personnalis√©s avec logo de 8 oz : profitez d&#39;une qualit√© sup√©rieure, d&#39;une production rapide et de prix de gros con√ßus pour votre marque en pleine croissance.

¬© Pamusan Natural - Fabriqu√© √† la main en Turquie ‚Ä¢ Respectueux de l&#39;environnement ‚Ä¢ Toile de coton de haute qualit√©",https://www.etsy.com/listing/1197900276/sacs-fourre-tout-a-logo-personnalises
"Sac fourre-tout en coton matelass√© : imprim√© floral personnalis√©, sac de plage boh√®me",https://www.etsy.com/listing/4387299123/sac-fourre-tout-en-coton-matelasse,4387299123,[],0.0,,,EUR,0.0,,0,,"üå∏ Sac matelass√© en coton √† imprim√© blocs brod√©s

Vous cherchez un sac aussi beau que pratique ? Notre sac matelass√© en coton brod√© fait main associe savoir-faire traditionnel et fonctionnalit√© de tous les jours. Chaque sac est soigneusement matelass√© √† la main et pr√©sente un superbe imprim√© artisanal, o√π chaque motif est estamp√© √† la main √† l&#39;aide de techniques s√©culaires, ce qui rend chaque pi√®ce vraiment unique en son genre.

Avec son motif floral vif, ses broderies d√©licates et sa structure spacieuse, ce sac √† main de style boh√®me est l√©ger, polyvalent et parfait pour toutes les occasions. Que vous alliez √† la plage, que vous voyagiez, que vous fassiez des courses ou m√™me que vous recherchiez un sac √† langer unique, ce fourre-tout est un compagnon √©l√©gant que vous chercherez encore et encore.

C&#39;est √©galement un cadeau significatif et unique pour les demoiselles d&#39;honneur, les anniversaires, les mariages ou les futures mamans. √Ä l&#39;int√©rieur, vous trouverez une doublure contrastante imprim√©e √† la main pour un d√©tail surprise.

Parfait pour :

‚óè F√™tes pr√©natales et nouvelles mamans (comme sac √† langer chic)
‚óè Demoiselles d&#39;honneur et mariages
‚óè Journ√©es √† la plage et voyages d&#39;√©t√©
‚óè Courses quotidiennes ou nuit√©es

Points forts du produit :

‚óè 100 % coton matelass√© avec doublure douce
‚óè Motif floral boh√®me imprim√© √† la main
‚óè Int√©rieur spacieux pour serviettes, v√™tements, couches et plus
‚óè Poches de rangement int√©rieures pour les petits objets essentiels
‚óè Fait main avec amour et soin

Pour passer une commande :

1. S√©lectionnez votre couleur pr√©f√©r√©e dans la liste d√©roulante.
2. Choisissez votre taille (petite, moyenne ou grande, avec ou sans fermeture √©clair).
3. Si vous choisissez la personnalisation, entrez vos coordonn√©es dans le champ ¬´ Ajoutez votre personnalisation ¬ª.

‚ö†Ô∏è Remarque : le motif de la doublure int√©rieure est floral et choisi par nos tailleurs. Si vous souhaitez s√©lectionner votre propre doublure, ajoutez simplement la fonction de mise √† niveau de la doublure √† votre panier (par sac)

Tailles :
Petit : 9&quot; x 9&quot; x 4,5&quot;
Moyenne : 14 x 14 po x 5,5 po
Grande : 18&quot; x 16&quot; x 5,5&quot;

Petit/Moyen/Grand - Sans fermeture √©clair (pas de fermeture √©clair)
Petit/Moyen/Grand - Zip W (avec fermeture √©clair)
Petit/Moyen/Large - Texte W/Sans fermeture √©clair (Avec texte/Sans fermeture √©clair)
Petit/Moyen/Grand - Texte avec fermeture √©clair (avec texte/avec fermeture √©clair)",https://www.etsy.com/listing/4387299123/sac-fourre-tout-en-coton-matelasse
Tote bag personnalis√© Baleines pour cr√®che ou ecole,https://www.etsy.com/listing/1785381490/tote-bag-personnalise-baleines-pour,1785381490,[],0.0,,,EUR,5.0,Avis sur cet article (8),8,,"tote bag taille 35 x 40 cm
motif Baleines
parfait pour les affaires de cr√®che ou √©cole.",https://www.etsy.com/listing/1785381490/tote-bag-personnalise-baleines-pour
"Sac fourre-tout en toile personnalis√©, sac fourre-tout LOGO personnalis√©, sac fourre-tout pr√©nom, sac cadeau de demoiselle d&#39;honneur, brod√© avec",https://www.etsy.com/listing/4301871513/sac-fourre-tout-en-toile-personnalise,4301871513,[],0.0,,,EUR,4.8,"Avis sur cet article (1,3 K)",1300,,"Sacs fourre-tout personnalis√©s | Votre parfait compagnon de f√™te !‚ú®
Bienvenue dans notre boutique. Nous fabriquons √† la main une vari√©t√© de cadeaux personnalis√©s. Si vous √™tes toujours √† la recherche des articles de f√™te parfaits, vous √™tes au bon endroit, nous sommes s√ªrs que vous trouverez quelque chose de sp√©cial ici :)

Nos sacs fourre-tout personnalis√©s fabriqu√©s artisanalement allient fonctionnalit√© et charme personnalis√© - parfaits pour les anniversaires, les mariages ou pour une √©l√©gance de tous les jours. Chaque pi√®ce est fabriqu√©e √† la main avec amour pour raconter votre histoire unique.

Pourquoi vous allez adorer :

Qualit√© sup√©rieure : toile durable + doublure en polyester lisse (facile √† nettoyer !).

Adapt√© √† vos besoins : choisissez le texte √† broder + une √©tiquette volante ou un ruban gratuit (ajoutez votre s√©lection dans les commentaires lors du paiement !).

D√©tails bien pens√©s : fermeture √† glissi√®re s√©curis√©e + poign√©es renforc√©es pour une utilisation durable.

Options de cadeaux gratuits (1 par sac au choix) :

√âtiquettes volantes : rondes, carr√©es ou √©tiquette nominative

Ruban : ruban imprim√© (lettre et couleur fixes) ou ruban ordinaire

Offre sp√©ciale en gros :
Pour toute commande de 10 sacs fourre-tout ou plus, vous recevrez √©galement un √©ventail gratuit par sac !

üìê Proportions parfaites (mesur√©es √† la main) :
Taille du sac fourre-tout (M et L) :
Taille M :
Largeur du bas : 13,4 pouces/34 cm
Hauteur : 11,4 pouces/29 cm
Epaisseur : 5,5 pouces/14 cm
Hauteur de la poign√©e : 8,26 pouces/21 cm

Taille L :
Largeur du bas : 19,1 pouces/46 cm
Hauteur : 13,8 pouces/33 cm
Epaisseur : 7,1 pouces/17 cm
Hauteur de la poign√©e : 8,26 pouces/21 cm

üé® Couleur du sac : rouge, noir, kaki, vert, rose, bleu
Sac noir par d√©faut 2170 fils
Sac rouge par d√©faut 2314 fil
Sac kaki d√©faut 3401 fil
Fil vert par d√©faut 3226
Sac rose par d√©faut 2258 fils
Sac bleu par d√©faut 3625 fils

* Toutes les donn√©es sont mesur√©es manuellement √† titre indicatif, il y a une erreur de 1 √† 3 cm
* La doublure du sac est en polyester, veuillez ne pas passer de commande si cela vous d√©range

* La hauteur et la largeur du texte personnalis√© √©tant limit√©es, si le texte n&#39;est pas long (en r√©f√©rence √† la largeur) mais que la hauteur d√©passe la limite lors de l&#39;utilisation de la police 9, l&#39;ensemble du texte sera r√©duit. La police 9 sera plus petite si elle est appliqu√©e √† certaines expressions (commen√ßant par J ou des lettres telles que C/S/L, se terminant par y/j/g/p/q ou des mots au milieu). Si cela vous d√©range, veuillez ne pas choisir la police 9.

* Le texte et la couleur ne peuvent pas √™tre modifi√©s apr√®s avoir pass√© la commande, veuillez confirmer clairement avant le paiement

Pour ce qui est de la personnalisation, nous adapterons le texte √† vos notes, veuillez donc faire attention √† l&#39;utilisation des majuscules. Si le contenu personnalis√© n&#39;est pas fourni, nous devrons vous contacter pour confirmation, ce qui peut retarder la production. Veuillez v√©rifier vos notes de personnalisation √† la caisse, merci !

Pour les commandes urgentes :
Si vous avez besoin d&#39;une commande urgente (quelle que soit la date de livraison estim√©e), veuillez nous contacter imm√©diatement apr√®s avoir pass√© votre commande. Nous vous fournirons une estimation du temps et organiserons la production en cons√©quence. Notez qu&#39;une fois la personnalisation commenc√©e, les commandes ne peuvent pas √™tre annul√©es. La production standard prend 5 √† 7 jours et la livraison prend g√©n√©ralement 2 √† 3 semaines. Pour toute question, n&#39;h√©sitez pas √† nous contacter, nous sommes l√† pour vous aider !

Pr√™t √† cr√©er un souvenir qu&#39;ils ch√©riront ? Ajouter au panier maintenant ! ??",https://www.etsy.com/listing/4301871513/sac-fourre-tout-en-toile-personnalise
